Workbook

Sheet Start
A1: Outreach-System für NOVEX
A3: So funktioniert es
A4: 1. Leads in 'Pipeline' eintragen (ChatGPT-Prompt im Ordner prompts liefert die Zeilen). Jede Zeile ist ein Unternehmen.
A5: 2. Vor dem Erstkontakt das 'Mini-Audit' ausfüllen und den stärksten Befund als Aufhänger in Spalte J schreiben.
A6: 3. Status in Spalte K setzen und das Datum des Erstkontakts in Spalte L eintragen. Follow-up-Termine und 'Nächste Aktion' rechnen sich selbst.
A7: 4. 'Dashboard' zeigt Trichter, Quoten und fällige Aktionen. 'Rechner' zeigt, wie viele Kontakte für einen Auftrag nötig sind.
A8: 5. Vor dem ersten Versand 'Recht' lesen. Das ist keine Rechtsberatung, aber hier liegt das größte Risiko.
A10: Farblegende
A11: Blaue Schrift = Eingabe oder Annahme, die du ändern darfst. Gelbe Füllung = Beispielzeile oder zentrale Annahme. Schwarz = Formel, nicht überschreiben.
A12: Die Beispielzeile in 'Pipeline' (Zeile 2) ist ausgedacht. Überschreibe oder lösche sie.
A13: Alle Zahlen im 'Rechner' sind Platzhalter-Annahmen, keine Messwerte. Ersetze sie nach den ersten 50 Kontakten durch eigene Zahlen.

Sheet Pipeline
A1: ID | B1: Firma | C1: Branche | D1: Stadt | E1: Website | F1: Ansprechperson | G1: Kanal | H1: Kontakt (Mail, Handle, Telefon) | I1: Quelle des Leads | J1: Aufhänger (stärkster Befund aus dem Mini-Audit) | K1: Status | L1: Erstkontakt am | M1: Follow-up 1 | N1: Follow-up 2 | O1: Follow-up 3 | P1: Nächste Aktion | Q1: Angebotswert (EUR) | R1: Notiz
A2: BEISPIEL-001 | B2: Autohaus Beispiel GmbH (ausgedacht) | C2: Autohaus | D2: Musterstadt | E2: www.beispiel-autohaus.example | F2: Frau Muster | G2: Brief | H2: Postadresse laut Impressum | I2: Google Maps | J2: Auf dem Handy erscheint der Terminlink erst nach dreimal Scrollen. | K2: Kontaktiert | L2: 46308 | M2: =IF($L2="","",$L2+Einstellungen!$B$3) -> 46311 | N2: =IF($L2="","",$L2+Einstellungen!$B$4) -> 46315 | O2: =IF($L2="","",$L2+Einstellungen!$B$5) -> 46322 | P2: =IF($B2="","",IF(OR($K2="Gewonnen",$K2="Verloren",$K2="Kein Interesse"),"abgeschlossen",IF(OR($K2="Neu",$K2="Recherchiert",$K2=""),"Erstkontakt vorbereiten",IF($K2="Kontaktiert",IF($L2="","Datum eintragen",IF(TODAY()>=$O2,"Follow-up 3 fällig",IF(TODAY()>=$N2,"Follow-up 2 fällig",IF(TODAY()>=$M2,"Follow-up 1 fällig","warten")))),IF($K2="Antwort","Antworten",IF($K2="Gespräch","Nachbereiten",IF($K2="Angebot","Angebot nachfassen",""))))))) -> Follow-up 1 fällig | Q2: 2500 | R2: Beispielzeile, bitte überschreiben.
M3: =IF($L3="","",$L3+Einstellungen!$B$3) | N3: =IF($L3="","",$L3+Einstellungen!$B$4) | O3: =IF($L3="","",$L3+Einstellungen!$B$5) | P3: =IF($B3="","",IF(OR($K3="Gewonnen",$K3="Verloren",$K3="Kein Interesse"),"abgeschlossen",IF(OR($K3="Neu",$K3="Recherchiert",$K3=""),"Erstkontakt vorbereiten",IF($K3="Kontaktiert",IF($L3="","Datum eintragen",IF(TODAY()>=$O3,"Follow-up 3 fällig",IF(TODAY()>=$N3,"Follow-up 2 fällig",IF(TODAY()>=$M3,"Follow-up 1 fällig","warten")))),IF($K3="Antwort","Antworten",IF($K3="Gespräch","Nachbereiten",IF($K3="Angebot","Angebot nachfassen","")))))))
M4: =IF($L4="","",$L4+Einstellungen!$B$3) | N4: =IF($L4="","",$L4+Einstellungen!$B$4) | O4: =IF($L4="","",$L4+Einstellungen!$B$5) | P4: =IF($B4="","",IF(OR($K4="Gewonnen",$K4="Verloren",$K4="Kein Interesse"),"abgeschlossen",IF(OR($K4="Neu",$K4="Recherchiert",$K4=""),"Erstkontakt vorbereiten",IF($K4="Kontaktiert",IF($L4="","Datum eintragen",IF(TODAY()>=$O4,"Follow-up 3 fällig",IF(TODAY()>=$N4,"Follow-up 2 fällig",IF(TODAY()>=$M4,"Follow-up 1 fällig","warten")))),IF($K4="Antwort","Antworten",IF($K4="Gespräch","Nachbereiten",IF($K4="Angebot","Angebot nachfassen","")))))))
M5: =IF($L5="","",$L5+Einstellungen!$B$3) | N5: =IF($L5="","",$L5+Einstellungen!$B$4) | O5: =IF($L5="","",$L5+Einstellungen!$B$5) | P5: =IF($B5="","",IF(OR($K5="Gewonnen",$K5="Verloren",$K5="Kein Interesse"),"abgeschlossen",IF(OR($K5="Neu",$K5="Recherchiert",$K5=""),"Erstkontakt vorbereiten",IF($K5="Kontaktiert",IF($L5="","Datum eintragen",IF(TODAY()>=$O5,"Follow-up 3 fällig",IF(TODAY()>=$N5,"Follow-up 2 fällig",IF(TODAY()>=$M5,"Follow-up 1 fällig","warten")))),IF($K5="Antwort","Antworten",IF($K5="Gespräch","Nachbereiten",IF($K5="Angebot","Angebot nachfassen","")))))))
M6: =IF($L6="","",$L6+Einstellungen!$B$3) | N6: =IF($L6="","",$L6+Einstellungen!$B$4) | O6: =IF($L6="","",$L6+Einstellungen!$B$5) | P6: =IF($B6="","",IF(OR($K6="Gewonnen",$K6="Verloren",$K6="Kein Interesse"),"abgeschlossen",IF(OR($K6="Neu",$K6="Recherchiert",$K6=""),"Erstkontakt vorbereiten",IF($K6="Kontaktiert",IF($L6="","Datum eintragen",IF(TODAY()>=$O6,"Follow-up 3 fällig",IF(TODAY()>=$N6,"Follow-up 2 fällig",IF(TODAY()>=$M6,"Follow-up 1 fällig","warten")))),IF($K6="Antwort","Antworten",IF($K6="Gespräch","Nachbereiten",IF($K6="Angebot","Angebot nachfassen","")))))))
M7: =IF($L7="","",$L7+Einstellungen!$B$3) | N7: =IF($L7="","",$L7+Einstellungen!$B$4) | O7: =IF($L7="","",$L7+Einstellungen!$B$5) | P7: =IF($B7="","",IF(OR($K7="Gewonnen",$K7="Verloren",$K7="Kein Interesse"),"abgeschlossen",IF(OR($K7="Neu",$K7="Recherchiert",$K7=""),"Erstkontakt vorbereiten",IF($K7="Kontaktiert",IF($L7="","Datum eintragen",IF(TODAY()>=$O7,"Follow-up 3 fällig",IF(TODAY()>=$N7,"Follow-up 2 fällig",IF(TODAY()>=$M7,"Follow-up 1 fällig","warten")))),IF($K7="Antwort","Antworten",IF($K7="Gespräch","Nachbereiten",IF($K7="Angebot","Angebot nachfassen","")))))))
M8: =IF($L8="","",$L8+Einstellungen!$B$3) | N8: =IF($L8="","",$L8+Einstellungen!$B$4) | O8: =IF($L8="","",$L8+Einstellungen!$B$5) | P8: =IF($B8="","",IF(OR($K8="Gewonnen",$K8="Verloren",$K8="Kein Interesse"),"abgeschlossen",IF(OR($K8="Neu",$K8="Recherchiert",$K8=""),"Erstkontakt vorbereiten",IF($K8="Kontaktiert",IF($L8="","Datum eintragen",IF(TODAY()>=$O8,"Follow-up 3 fällig",IF(TODAY()>=$N8,"Follow-up 2 fällig",IF(TODAY()>=$M8,"Follow-up 1 fällig","warten")))),IF($K8="Antwort","Antworten",IF($K8="Gespräch","Nachbereiten",IF($K8="Angebot","Angebot nachfassen","")))))))
M9: =IF($L9="","",$L9+Einstellungen!$B$3) | N9: =IF($L9="","",$L9+Einstellungen!$B$4) | O9: =IF($L9="","",$L9+Einstellungen!$B$5) | P9: =IF($B9="","",IF(OR($K9="Gewonnen",$K9="Verloren",$K9="Kein Interesse"),"abgeschlossen",IF(OR($K9="Neu",$K9="Recherchiert",$K9=""),"Erstkontakt vorbereiten",IF($K9="Kontaktiert",IF($L9="","Datum eintragen",IF(TODAY()>=$O9,"Follow-up 3 fällig",IF(TODAY()>=$N9,"Follow-up 2 fällig",IF(TODAY()>=$M9,"Follow-up 1 fällig","warten")))),IF($K9="Antwort","Antworten",IF($K9="Gespräch","Nachbereiten",IF($K9="Angebot","Angebot nachfassen","")))))))
M10: =IF($L10="","",$L10+Einstellungen!$B$3) | N10: =IF($L10="","",$L10+Einstellungen!$B$4) | O10: =IF($L10="","",$L10+Einstellungen!$B$5) | P10: =IF($B10="","",IF(OR($K10="Gewonnen",$K10="Verloren",$K10="Kein Interesse"),"abgeschlossen",IF(OR($K10="Neu",$K10="Recherchiert",$K10=""),"Erstkontakt vorbereiten",IF($K10="Kontaktiert",IF($L10="","Datum eintragen",IF(TODAY()>=$O10,"Follow-up 3 fällig",IF(TODAY()>=$N10,"Follow-up 2 fällig",IF(TODAY()>=$M10,"Follow-up 1 fällig","warten")))),IF($K10="Antwort","Antworten",IF($K10="Gespräch","Nachbereiten",IF($K10="Angebot","Angebot nachfassen","")))))))
M11: =IF($L11="","",$L11+Einstellungen!$B$3) | N11: =IF($L11="","",$L11+Einstellungen!$B$4) | O11: =IF($L11="","",$L11+Einstellungen!$B$5) | P11: =IF($B11="","",IF(OR($K11="Gewonnen",$K11="Verloren",$K11="Kein Interesse"),"abgeschlossen",IF(OR($K11="Neu",$K11="Recherchiert",$K11=""),"Erstkontakt vorbereiten",IF($K11="Kontaktiert",IF($L11="","Datum eintragen",IF(TODAY()>=$O11,"Follow-up 3 fällig",IF(TODAY()>=$N11,"Follow-up 2 fällig",IF(TODAY()>=$M11,"Follow-up 1 fällig","warten")))),IF($K11="Antwort","Antworten",IF($K11="Gespräch","Nachbereiten",IF($K11="Angebot","Angebot nachfassen","")))))))
M12: =IF($L12="","",$L12+Einstellungen!$B$3) | N12: =IF($L12="","",$L12+Einstellungen!$B$4) | O12: =IF($L12="","",$L12+Einstellungen!$B$5) | P12: =IF($B12="","",IF(OR($K12="Gewonnen",$K12="Verloren",$K12="Kein Interesse"),"abgeschlossen",IF(OR($K12="Neu",$K12="Recherchiert",$K12=""),"Erstkontakt vorbereiten",IF($K12="Kontaktiert",IF($L12="","Datum eintragen",IF(TODAY()>=$O12,"Follow-up 3 fällig",IF(TODAY()>=$N12,"Follow-up 2 fällig",IF(TODAY()>=$M12,"Follow-up 1 fällig","warten")))),IF($K12="Antwort","Antworten",IF($K12="Gespräch","Nachbereiten",IF($K12="Angebot","Angebot nachfassen","")))))))
M13: =IF($L13="","",$L13+Einstellungen!$B$3) | N13: =IF($L13="","",$L13+Einstellungen!$B$4) | O13: =IF($L13="","",$L13+Einstellungen!$B$5) | P13: =IF($B13="","",IF(OR($K13="Gewonnen",$K13="Verloren",$K13="Kein Interesse"),"abgeschlossen",IF(OR($K13="Neu",$K13="Recherchiert",$K13=""),"Erstkontakt vorbereiten",IF($K13="Kontaktiert",IF($L13="","Datum eintragen",IF(TODAY()>=$O13,"Follow-up 3 fällig",IF(TODAY()>=$N13,"Follow-up 2 fällig",IF(TODAY()>=$M13,"Follow-up 1 fällig","warten")))),IF($K13="Antwort","Antworten",IF($K13="Gespräch","Nachbereiten",IF($K13="Angebot","Angebot nachfassen","")))))))
M14: =IF($L14="","",$L14+Einstellungen!$B$3) | N14: =IF($L14="","",$L14+Einstellungen!$B$4) | O14: =IF($L14="","",$L14+Einstellungen!$B$5) | P14: =IF($B14="","",IF(OR($K14="Gewonnen",$K14="Verloren",$K14="Kein Interesse"),"abgeschlossen",IF(OR($K14="Neu",$K14="Recherchiert",$K14=""),"Erstkontakt vorbereiten",IF($K14="Kontaktiert",IF($L14="","Datum eintragen",IF(TODAY()>=$O14,"Follow-up 3 fällig",IF(TODAY()>=$N14,"Follow-up 2 fällig",IF(TODAY()>=$M14,"Follow-up 1 fällig","warten")))),IF($K14="Antwort","Antworten",IF($K14="Gespräch","Nachbereiten",IF($K14="Angebot","Angebot nachfassen","")))))))
... M501: =IF($L501="","",$L501+Einstellungen!$B$3) | N501: =IF($L501="","",$L501+Einstellungen!$B$4) | O501: =IF($L501="","",$L501+Einstellungen!$B$5) | P501: =IF($B501="","",IF(OR($K501="Gewonnen",$K501="Verloren",$K501="Kein Interesse"),"abgeschlossen",IF(OR($K501="Neu",$K501="Recherchiert",$K501=""),"Erstkontakt vorbereiten",IF($K501="Kontaktiert",IF($L501="","Datum eintragen",IF(TODAY()>=$O501,"Follow-up 3 fällig",IF(TODAY()>=$N501,"Follow-up 2 fällig",IF(TODAY()>=$M501,"Follow-up 1 fällig","warten")))),IF($K501="Antwort","Antworten",IF($K501="Gespräch","Nachbereiten",IF($K501="Angebot","Angebot nachfassen","")))))))

Sheet Dashboard
A1: Dashboard
A3: Status | B3: Anzahl
A4: Neu | B4: =COUNTIF(Pipeline!$K$2:$K$501,A4) -> 0
A5: Recherchiert | B5: =COUNTIF(Pipeline!$K$2:$K$501,A5) -> 0
A6: Kontaktiert | B6: =COUNTIF(Pipeline!$K$2:$K$501,A6) -> 1
A7: Antwort | B7: =COUNTIF(Pipeline!$K$2:$K$501,A7) -> 0
A8: Gespräch | B8: =COUNTIF(Pipeline!$K$2:$K$501,A8) -> 0
A9: Angebot | B9: =COUNTIF(Pipeline!$K$2:$K$501,A9) -> 0
A10: Gewonnen | B10: =COUNTIF(Pipeline!$K$2:$K$501,A10) -> 0
A11: Verloren | B11: =COUNTIF(Pipeline!$K$2:$K$501,A11) -> 0
A12: Kein Interesse | B12: =COUNTIF(Pipeline!$K$2:$K$501,A12) -> 0
A13: Summe | B13: =SUM(B4:B12) -> 1
A14: Kennzahlen | B14: Wert
A15: Kontaktiert (Datum vorhanden) | B15: =COUNT(Pipeline!$L$2:$L$501) -> 1
A16: Mit Reaktion (Antwort, Gespräch, Angebot, Gewonnen, Kein Interesse) | B16: =B7+B8+B9+B10+B12 -> 0
A17: Antwortquote | B17: =IFERROR(B16/B15,0) -> 0
A18: Aufträge gewonnen | B18: =B10 -> 0
A19: Gewinnquote (Gewonnen / Kontaktiert) | B19: =IFERROR(B18/B15,0) -> 0
A20: Offene Angebote (EUR) | B20: =SUMIFS(Pipeline!$Q$2:$Q$501,Pipeline!$K$2:$K$501,"Angebot") -> 0
A21: Gewonnener Wert (EUR) | B21: =SUMIFS(Pipeline!$Q$2:$Q$501,Pipeline!$K$2:$K$501,"Gewonnen") -> 0
A22: Fällige Aktionen heute | B22: =COUNTIF(Pipeline!$P$2:$P$501,"*fällig") -> 1
A24: Hinweis: Die Beispielzeile in der Pipeline zählt mit, bis du sie löschst.

Sheet Einstellungen
A1: Einstellungen
D2: Status | F2: Kanal
A3: Follow-up 1 nach (Tagen) | B3: 3 | D3: Neu | F3: Brief
A4: Follow-up 2 nach (Tagen) | B4: 7 | D4: Recherchiert | F4: Telefon (nach Einwilligung)
A5: Follow-up 3 nach (Tagen) | B5: 14 | D5: Kontaktiert | F5: E-Mail (nach Einwilligung)
A6: Annahme: Abstände 3/7/14 Tage sind eine übliche Praxis, kein Messwert. Gilt für alle Zeilen. | D6: Antwort | F6: Instagram-DM (nach Einwilligung)
D7: Gespräch | F7: LinkedIn
D8: Angebot | F8: Persönlich vor Ort
D9: Gewonnen | F9: Empfehlung
D10: Verloren | F10: Anfrage von ihnen (Inbound)
D11: Kein Interesse

Sheet Rechner
A1: Wie viele Kontakte brauche ich für einen Auftrag?
A2: Alle gelben Werte sind Platzhalter-Annahmen von mir, keine Messwerte. Nach den ersten 50 Kontakten durch eigene Zahlen aus dem Dashboard ersetzen.
A4: Annahme | B4: Wert
A5: Kontakte pro Woche | B5: 20
A6: Antwortquote | B6: 0.08
A7: Anteil Antwort, der zum Gespräch wird | B7: 0.5
A8: Anteil Gespräch, der zum Angebot wird | B8: 0.7
A9: Anteil Angebot, der zum Auftrag wird | B9: 0.35
A10: Durchschnittlicher Auftragswert (EUR) | B10: 2500
A12: Ergebnis | B12: Wert
A13: Anteil der Kontakte, die zum Auftrag werden | B13: =B6*B7*B8*B9 -> 0.0098
A14: Kontakte nötig für einen Auftrag | B14: =IFERROR(1/B13,0) -> 102.04082
A15: Aufträge pro Woche | B15: =B5*B13 -> 0.196
A16: Wochen bis zum ersten Auftrag | B16: =IFERROR(1/B15,0) -> 5.1020408
A17: Umsatz pro Monat (EUR, 4,33 Wochen) | B17: =B15*B10*4.33 -> 2121.7

Sheet Vorlagen
A1: Vorlagen (Deutsch, Sie-Form)
A2: Platzhalter in eckigen Klammern ersetzen. Jede Nachricht braucht einen konkreten Befund aus dem Mini-Audit. Ohne Befund nicht senden.
A4: Vorlage | B4: Kanal | C4: Text
A5: 1 · Erstkontakt per Brief | B5: Brief | C5: Guten Tag [Name], bei der Suche nach [Branche] in [Stadt] bin ich auf Ihre Website gestoßen. Mir ist aufgefallen: [konkreter Befund, z. B. auf dem Handy ist der Terminweg erst nach langem Scrollen zu finden]. Ich gestalte Websites für [Branche] und habe dazu eine kleine Skizze vorbereitet, wie das bei Ihnen aussehen könnte: [Link oder QR-Code zum Entwurf]. Sie müssen nichts tun. Wenn Sie sich das ansehen möchten, freue ich mich über eine kurze Nachricht an [Kontakt]. Freundliche Grüße Phil [Nachname], NOVEX [Anschrift laut Impressum] · [Telefon] · [E-Mail]
A6: 2 · Erstkontakt nach Einwilligung (E-Mail oder DM) | B6: E-Mail / DM | C6: Betreff: [Befund in fünf Wörtern], [Firma] Guten Tag [Name], Sie hatten mir erlaubt, mich zu melden. Beim Blick auf Ihre Seite ist mir [konkreter Befund] aufgefallen. Das kostet erfahrungsgemäß Anfragen, weil [kurzer Grund]. Ich habe einen Entwurf gebaut, der das anders löst: [Link]. Wollen Sie 15 Minuten darüber sprechen, [Wochentag] oder [Wochentag]? Viele Grüße Phil, NOVEX
A7: 3 · Follow-up 1 (nach 3 Tagen) | B7: Alle | C7: Guten Tag [Name], ich wollte nur sichergehen, dass meine Nachricht von [Datum] angekommen ist. Der Entwurf liegt hier: [Link]. Falls das Thema gerade nicht passt, genügt ein kurzes Wort, dann melde ich mich nicht mehr.
A8: 4 · Follow-up 2 (nach 7 Tagen, mit Mehrwert) | B8: Alle | C8: Guten Tag [Name], eine Sache noch, die Sie auch ohne mich umsetzen können: [ein konkreter, kostenloser Tipp zur Seite, z. B. Terminlink im Header fest platzieren]. Falls Sie mehr dazu wollen, bin ich erreichbar unter [Kontakt].
A9: 5 · Follow-up 3 (nach 14 Tagen, Abschluss) | B9: Alle | C9: Guten Tag [Name], ich schließe das Thema bei mir ab, damit ich Sie nicht weiter störe. Der Entwurf bleibt bis [Datum] unter [Link] erreichbar. Alles Gute für [Firma].
A10: 6 · Telefonleitfaden (nur nach Einwilligung oder Rückruf) | B10: Telefon | C10: 1. Name, Firma, Grund in einem Satz. 2. Frage: 'Haben Sie zwei Minuten?' Bei Nein sofort beenden und Terminvorschlag. 3. Befund nennen, eine Frage stellen: 'Wie kommen die meisten Patienten/Kunden heute zu Ihnen?' 4. Zuhören, mitschreiben, nicht verkaufen. 5. Nächsten Schritt festlegen: Entwurf zeigen, Termin, Kontakt. 6. Danach sofort Notiz in die Pipeline.
A11: 7 · Antwort auf 'Kein Interesse' | B11: Alle | C11: Danke für die klare Antwort, [Name]. Ich nehme Sie aus meiner Liste und melde mich nicht mehr. Falls sich die Lage ändert, wissen Sie, wo Sie mich finden.
A12: 8 · Nach dem Erstgespräch | B12: E-Mail | C12: Guten Tag [Name], danke für das Gespräch. Kurz zusammengefasst: Ziel ist [Ziel], wichtigste Aktion auf der Seite ist [Aktion], Zeitrahmen [Zeitraum]. Ich schicke Ihnen bis [Datum] ein schriftliches Angebot mit Konzeptskizze. Offene Punkte von Ihnen: [Fotos, Logo, Zugänge].

Sheet Zielbranchen
A1: Zielbranchen (meine Einschätzung, nicht gemessen)
A3: Priorität | B3: Branche | C3: Warum sie passt | D3: Typische Schwäche der Websites | E3: Suchbegriff (Google Maps) | F3: Referenz, die du zeigen kannst
A4: 1 | B4: Zahnärzte und Arztpraxen | C4: Hoher Kundenwert, Erstkontakt über Website entscheidet, Patienten vergleichen vor dem Anruf. | D4: Stockfotos, schwerer Terminweg, schlechte Mobilansicht. | E4: Zahnarzt [Stadt] | F4: Zahnarzt-Konzept (drei Stilrichtungen)
A5: 1 | B5: Autohäuser und Gebrauchtwagenhändler | C5: Hoher Warenwert, Bestand lässt sich inszenieren, du hast ein 3D-Projekt als Referenz. | D5: Bestandsliste aus Plugins, kaum Marke, langsame Seiten. | E5: Autohaus [Stadt] | F5: Autofabrik-Website
A6: 2 | B6: Handwerk (Dachdecker, SHK, Elektro, Schreiner) | C6: Viel Nachfrage über Google, wenige gute Seiten, klares Ziel: Anruf. | D6: Kein Einzugsgebiet, keine Referenzfotos, Telefon schwer zu finden. | E6: Dachdecker [Stadt] | F6: Vorher/Nachher-Slider-Konzept
A7: 2 | B7: Kanzleien und Steuerberater | C7: Autorität zählt, Budget vorhanden, Texte meist vorhanden. | D7: Austauschbar, kein Gesicht, wenig Klarheit. | E7: Steuerberater [Stadt] | F7: Typo-first Konzept
A8: 2 | B8: Architekturbüros | C8: Design-Verständnis vorhanden, Portfolio ist das Produkt. | D8: Templates, kleine Bilder, schlechte Projektseiten. | E8: Architekturbüro [Stadt] | F8: Projektindex-Konzept
A9: 3 | B9: Cafés und Gastronomie | C9: Schnelle Entscheidungen, aber kleines Budget. | D9: Speisekarte als PDF, Öffnungszeiten veraltet. | E9: Café [Stadt] | F9: Café-Konzept
A10: 3 | B10: Physiotherapie, Fitness, Kosmetik | C10: Terminbasiert, viel Konkurrenz, Social Media vorhanden. | D10: Buchung versteckt, Bildsprache uneinheitlich. | E10: Physiotherapie [Stadt] | F10: Terminfluss-Konzept
A11: 3 | B11: Medienagenturen wie Nocieling Media | C11: Marke ist das Produkt, Auftrag liegt vor. | D11: Abhängig vom Kunden, siehe Briefing. | E11: Social Media Agentur [Stadt] | F11: Nocieling-Website (sobald fertig)
A13: Priorität 1 zuerst bearbeiten, weil du dort bereits Referenzen hast. Die Einschätzung beruht auf deinen Angaben und allgemeinem Wissen, nicht auf Marktdaten.

Sheet Recht
A1: Recht und Risiko bei der Kaltakquise (keine Rechtsberatung)
A2: Stand meines Wissens. Vor dem ersten Versand von einer Fachperson (IHK-Beratung, Rechtsanwalt für Wettbewerbsrecht) prüfen lassen.
A4: Thema | B4: Einschätzung | C4: Was du stattdessen tust
A5: E-Mail an Unternehmen | B5: Werbe-E-Mails ohne vorherige ausdrückliche Einwilligung sind in Deutschland nach dem UWG grundsätzlich unzulässig, auch im B2B. Eine Adresse aus dem Impressum ist keine Einwilligung. Die enge Ausnahme in § 7 Abs. 3 UWG betrifft Bestandskunden, nicht Kaltkontakte. Abmahnungen sind möglich. | C5: Erstkontakt nicht per E-Mail. E-Mail nur nach Einwilligung oder wenn die Firma zuerst schreibt.
A6: Telefon an Unternehmer | B6: Setzt mindestens eine mutmaßliche Einwilligung voraus. Das ist eng auszulegen. | C6: Anruf nach vorherigem Kontakt oder auf Empfehlung. Kein Massen-Calling.
A7: Direktnachrichten (Instagram, LinkedIn) | B7: Werden meist wie elektronische Post behandelt, also wie E-Mail. | C7: Erst öffentlich Mehrwert bieten und Beziehung aufbauen. Direkt-Pitch nur nach Antwort.
A8: Brief per Post | B8: Gilt als der risikoärmste Weg, solange du Widersprüche sofort respektierst und deine Absenderdaten vollständig sind. | C8: Persönlicher Brief mit QR-Code zum Entwurf. Standardkanal für den Start.
A9: Persönlich vor Ort | B9: Besuch ist unkritischer, solange niemand abgewiesen wird. | C9: Visitenkarte plus Skizze auf Tablet. Passt besonders für Handwerk und Gastronomie.
A10: Datenschutz (DSGVO) | B10: Nur Daten speichern, die du brauchst. Quelle und Datum notieren. Auf Verlangen löschen. | C10: Spalte 'Quelle' pflegen. Sperrliste führen für alle, die 'kein Interesse' sagten.
A11: Absenderangaben | B11: Jede geschäftliche Nachricht braucht vollständige Absenderangaben wie im Impressum. | C11: Signatur-Baustein aus der Vorlage 1 verwenden.
A12: Inbound | B12: Wer von sich aus schreibt, ist kein Kaltkontakt. | C12: Referenzen auf der NOVEX-Website, Social Content, Empfehlungen. Langfristig der beste Kanal.

Sheet Mini-Audit
A1: Mini-Audit pro Lead (10 Minuten)
A2: Pro Zeile 0 = schwach, 1 = okay, 2 = stark. Der niedrigste Wert liefert den Aufhänger für die Nachricht.
A3: Firma: | B3: Beispiel Autohaus (ausgedacht)
A5: Prüfpunkt | B5: Wo prüfen | C5: Punkte 0–2 | D5: Befund in einem Satz
A6: Handy: Seite lädt in unter 3 Sekunden | B6: Handy im Mobilfunk, nicht WLAN | C6: 1
A7: Erster Bildschirm sagt klar, was und für wen | B7: Startseite ohne Scrollen | C7: 0
A8: Terminweg oder Telefon ohne Suchen sichtbar | B8: Handy-Ansicht | C8: 0 | D8: (Beispiel) Terminlink fehlt auf dem Handy.
A9: Echte Fotos von Team und Räumen | B9: Startseite, Über uns | C9: 1
A10: Schrift gut lesbar, klare Hierarchie | B10: Alle Seiten | C10: 1
A11: Vertrauenselemente (Bewertungen, Kammer, Zahlen) | B11: Startseite, Footer | C11: 0
A12: Impressum und Datenschutz vollständig | B12: Footer | C12: 2
A13: Sprechender Seitentitel und Überschrift | B13: Browser-Tab, Quelltext | C13: 1
A14: Kontraste und Tastaturbedienung | B14: Tab-Taste, Kontrastprüfer | C14: 1
A15: Aktualität (Jahreszahl, tote Links, alte Hinweise) | B15: Footer, Blog, Aktionen | C15: 0
A17: Summe (max. 20) | C17: =SUM(C6:C15) -> 7
A18: Eindruck | C18: =IF(C17<=8,"viel Potenzial",IF(C17<=14,"solide Basis, Details verbessern","bereits stark")) -> viel Potenzial
A19: Schwächster Punkt (erste Fundstelle) | C19: =IFERROR(INDEX(A6:A15,MATCH(MIN(C6:C15),C6:C15,0)),"") -> Erster Bildschirm sagt klar, was und für wen
A21: Die Beispielwerte in Gelb sind ausgedacht. Überschreibe sie für jeden Lead. Eine Kopie des Blattes pro Lead anlegen oder die Ergebnisse in Pipeline Spalte J übertragen.
